sherlock-holmes,10,Angelsdawn,/user/Angelsdawn,"Sep  6, 2010","[ ""I'm loving the reviews here, the stupidity within the statements: \""It was too rational\"" and \""It was too complicated and boring\"" are reminding me once again that most movie-goers prefer to have their hand held throughout an entire movie rather than use their deductive skills. Too rational? are you kidding? you actually need 'magic' to enjoy something? Sherlock Holmes is ALL about the mystery being solved, everything being presented and known. If you don't like that then why did you even bother to go watch? @the Sherlock Holmes purists, every other hero of some of the oldest stories in time have transitioned into numerous changes like this one(batman, being a man without powers, being a sort of detective on his own, was changed a lot over the years). The picture of however you imagined Sherlock to be might not be the same as the next person beside you. Its open to interpretation, unless you seek to extinguish everyone's creativity due to your close mindedness. The characters weren't empty, their relationship was fully realized (Sherlock and Watson, two detectives fighting over small, inconsequential things, Watson being tired of Sherlock's antics, and yet what unifies them is the mystery for the time being. Sherlock feeling stuck in his life, feeling as though he is being abandoned, trying to pull his old friend back into the game so he wont be the only one who's trapped and alone, his character develops from there but I wont spoil it) and it was very much apparent that they cared deeply about each other, but most would rather that their emotions surface in a much more obvious way. Its ridiculous to give this movie a bad review just because you didn't bother paying attention."", ""As for the science and the technology in this movie, it wasn't a copout. All of this was at their disposal back then. Sherlock Holmes, whatever version you prefer of him, was above all else a man of science. Also it goes without saying that in the books and in the cartoon or live action series on tv, things did go slower and there was less action. However in movie format things have to be sped up a bit in order to fit everything in, otherwise the movie would wind up being 3-4 hours and coming wayyy over their estimated budget. Its impractical, and to say otherwise means most of you don't have a clear grasp on what making a movie entails, including the reviewers of these magazines. Besides it all works out in the end, and I found the pacing to be especially stimulating, kept me at attention the entire time."", ""I understand that you have to pump out these reviews almost everyday, but it doesn't mean you have to rush them like this. Hating a movie like this one while its successful doesn't make you a good critic, it just makes an idiot, especially when you assume this was made for a younger generation or for the \""ADD crowd\"". Branding them the ADD crowd while skipping over the fountain of medical terms used in the proper way(for once in a mainstream movie, no pseudo-science, no **** spells or rituals), the witty jokes and all of the deductions and experiments Holmes made all tied together in one neat conspiracy(Which given a little thought, wasn't all that complicated to those who said it was) just makes you look like your the one who deserves the label."", ""Also what was mentioned was the exaggerated scenarios. They were pretty lucky to survive I will admit, but one thing I found realistic was the part when they lost a whole night's sleep after the fight. This is something I rarely see in movies, usually the fight is over, hero carries on like a good soldier. This humanized them, and it wasn't the only occasion in the movie where they did this."", ""One last comment before I leave this review to those whom aren't as gullible as the rest, the hand to hand combat wasn't as uninspired as some claim it to be. While being as intelligent as Holmes with the reflexes he possessed, its not hard to observe the fact that every hit he made was calculated beforehand, as displayed in the very beginning of the movie. When he didn't have time to calculate his every movement he used things like the electricity conductor or chains or guns etc to gain an advantage. I honestly don't get how all of this could have been missed by so many reviewers, but that's fine. I hope that if you've read this you've decided to rent or buy this movie. Whatever you decide, its definitely worth the look."" ]",11,11,11,0
sherlock-holmes,8,PeterS,,"Jan 16, 2010",[],1,1,,
sherlock-holmes,10,DanielT,,"Apr  6, 2010",[],1,1,,
sherlock-holmes,10,JakeR,,"Dec 27, 2009",[],1,1,,
sherlock-holmes,7,LandF,/user/LandF,"Apr 19, 2012","[ ""Hmmmm. There are action sequences, plenty of one liners, and Robert Downey Jr. I can only deduce that this is another Hollywood box office smash. And silly old me, I just saw the film. My friends pestered me about this for the longest time. They loved the film, and were positive I would too. I told them I'd get around to it, until finally one of my friends lent me the movie to watch. My feelings about this unique film are a little mixed. The film wants to be clever, but very little smarts at all are needed to view this film. Naturally, this film is geared towards teenage boys, who for the most part, are not interested in an intellectually stimulating film. They just want to see Downey deliver witty lines, and watch him beat up thugs. So, if that's what you came to see, you will not be disappointed. However those wanting a more intelligent film, should not look here. Even when the Sherlock Holmes is explaining how he figured out the case at the end, it's through many clues that the viewer didn't have a chance of deciphering themselves, which is quite contradictory to what Sherlock Holmes is all about. I know the target audience, so I expected as much, but my mother who viewed the film with me, was quite irritated at the obscure clues. A good mystery should be tailored so that the audience can try to solve the mystery too (and make it hard enough, so that they can't figure it out). This film does nothing of the sort, instead, we merely learn at the end, that Sherlock had seen things that the camera never shows us, making it impossible to solve the mystery ourselves. But like I said, the target audience doesn't care about such things, so therefore, the film is oddly \""smartless.\"" But I digress. On the other hand, the cast does a fantastic job at portraying each of their characters, even if some lines were delivered a little hammy. Also, the musical score, composed by Hanz Zimmer, is very good, and absolutely hilarious. Music doesn't commonly make me smile (out of humor anyway), but this score did. Though many of the action sequences were rather ordinary, there were definitely a handful that kept me on the edge of my seat, and I'm sure the target audience will eat it up. The film is quite amusing, as one can expect with from the leading actor, but for some reason, the film wasn't quite as humorous as I was expecting. It was funny enough, anyway. Lastly, and this may be a major problem for some, but this film just doesn't feel like Sherlock Holmes. It feels like Robert Downey Jr. makes another million dollars. I suppose this is to be expected, but somehow, I was hoping that there might be some sort of Sherlock spirit to this, but alas, there was not. I was not wowed, but I most definitely enjoyed myself. I do wish, though, that the film was a bit more intelligent, and this film doesn't feel like Sherlock Holmes at all. Regardless, this is an enjoyable romp, and I'll probably catch the sequel on DVD. Consider me entertained, but not impressed."" ]",1,1,1,0
sherlock-holmes,8,Futuredirector,/user/Futuredirector,"Mar 13, 2016","[ ""Thanks to Robert Dwoney Jr. and Jude Law's surprisingly effective chemistry and an impressively entertaining storytelling, Sherlock Holmes isn't only one of the smartest works added to Ritchie's filmography; it also offers a great spectacle to the audience."" ]",1,1,1,0
sherlock-holmes,8,grandpajoe6191,/user/grandpajoe6191,"Sep 29, 2011",[],11,12,11,1
sherlock-holmes,9,GarthN,,"Jan  9, 2010",[],1,2,,
sherlock-holmes,8,oscarr,/user/oscarr,"Dec 17, 2011",[],1,2,1,1
sherlock-holmes,4,ryancarroll88,/user/ryancarroll88,"Aug 27, 2010",[],1,3,1,2
sherlock-holmes,5,RyanGee,/user/RyanGee,"Sep 29, 2010","[ ""When it comes to big blockbusters, I generally dislike movies that fall into this category because they simply lack any cerebral characteristic. Surprisingly, Guy Ritchie's Sherlock Holmes is dissimilar to my tendency of aversion of big budget films.  Contrary to what I just stated, Sherlock Holmes is undoubtedly not a thoughtful film. But unlike other films in my categorical standards, Holmes  makes up for it with its beautiful art direction and action sequences. Even though they are not accurate to the time setting, the scenes of combat are well choreographed and give the film personality.  Additionally, the art direction is great, the images of vintage London are just mesmerizing giving the film much needed charm to successfully emulate the original Sherlock Holmes.  Lastly, Downey Jr's replicates  Conan Doyle's literary character to English perfection with his remarkable false accent and smug personality. With these statements said, the main flaw is the lack of mystery.  Sherlock Holmes is a renowned literary character that was famous for the mysteries he solved and how he manipulated every sort of evidence to solve the case. Even though there are some traces of it, Sherlock Holmes ultimately doesn't create a plot of anonymity.   It is obvious that the film focuses on action, and that only.  That does not necessarily ruin the film, I found the film thoroughly entertaining. But the audience should simply lose the thought that Sherlock Holmes is a mystery; because it ultimately is not thought provoking or mysterious in any way."" ]",1,3,1,2
sherlock-holmes,1,bertk,,"Jan  1, 2010","[ ""I looked forward to see this movie but it turned out to be a total dissapointment. I agree with NYP and Washington Post, this film is empty as can be. I was with a friend in the theatre but if I was alone I would have left halfway. First of all, there is no color whatsoever, everything is grey, even the makeup of the 2 ladies is so ugly, and their parts are flat and uninteresting. Jude Law is ok, but Robert Downey jr has this frozen look in his eyes, he is not funny, not intriguing and not worth watching. The story is overcomplex, way too rational. Guy Ritchie seems a testosteron driven visual artist with zero talent to push actors to a great achievement. I cant believe it. No wonder Madonna left him, you can say what you want but her music always has a meaning and feelings, even her most dancy tracks. And this is what I missed the most with this movie, the lack of a soul."" ]",0,1,,
sherlock-holmes,0,bryans.,,"Jan  5, 2010","[ ""I would love to review the whole of this movie but i honestly don't know if it improves after the first hour. Y'see my fiance and i both walked out after what seemed the longest hour of our lifes. I could genuinly find no reason to stay seated as this film completely lacked any kind of heart, and the so called \""chemistry\"" between Law and Downey jnr was completely missing from our screening. Normally when i'm sat in a packed cinema and the audience is deadly silent it usually a good sign. It often means they are compelled and fascinated by the on screen perfomances. This time the audience just looked bored. I can only pray that RDJ's performance in Iron Man 2 makes up for this travesty. p.s. this is the only movie i've ever walked out on and i've seen a lot of rubbish in my time. Hell i even watched terminator 3."" ]",0,1,,
sherlock-holmes,7,BillyS.,,"Feb  6, 2010","[ ""If you go in to a movie with low expectations, you'll more than likely be surpized. As was the case for Sherlock Holmes. Don't get me wrong, Guy Ritchie taking on a literary masterpiece is no way the same as Kubrick and The Shining, but Ritchie has incorporated Holmes' intelligence with his usual over the top action pieces and made a much better-than-expected entertaining film. Downey and Law play Holmes and Watson with humor and a little gay innuendo, but the way Ritchie has Holmes analyse his fights in slow motion first is a great advantage to all the commotion that follows. All in all, well worth the price of admission."" ]",0,1,,
sherlock-holmes,3,BobC,,"Dec 30, 2009","[ ""If you have read and enjoyed Sherlock Holmes over the years this movie is a major disappointment. More like a fantasy where Sherlock meets Batman and Robin. Boring with a very poor story line. Younger people will enjoy it but for mature adults it is a waste of time."" ]",0,1,,
sherlock-holmes,3,TomB.,,"Jan 18, 2010",[],0,1,,
sherlock-holmes,3,JosepP,,"Jan 31, 2010",[],0,1,,
sherlock-holmes,6,CarolynM.,,"Jan  4, 2010",[],0,1,,
sherlock-holmes,3,EliasC,,"Apr 15, 2010","[ ""The best I could say about this film is that it inspired me to re-read A. Conan Doyle's Sherlock Holmes stories. I'd watch Robert Downey Jr in anything but even he was hard to take as he consistently mumbled his lines off screen making him almost unintelligible and and adding confusion to the already obtuse storyline. I am still puzzled over what the plot was really about. Although the fast action and CGI London was amazing, I wanted more of what a Sherlock Holmes story is supposed to be - the use of recognizable deductive reasoning and those 'ah-ha' moments on my part as I understood what the mystery was all about. No such moments here. This film is Holmes as an action hero and although I appreciate the change in character from the old 1940-1950's stogy British gentleman, this version just did not work for me. Maybe I should have paid closer attention but the confused plot made me wish I'd taken a nap instead."" ]",0,2,,
sherlock-holmes,2,GabrielL,,"Dec 30, 2009",[],0,1,,
sherlock-holmes,5,MatthewW,,"Apr 29, 2010","[ ""Let me begin by saying that \""Sherlock Holmes\"" is a lot of fun. That said, as a movie about Sherlock Holmes, it is a failure. As a lifelong fan of the stories by Sir Arthur Conan Doyle, I have seen many screen adaptations and interpretations of his most enduring creation, and this movie simply fails to do the subject matter any kind of justice. While billed, somewhat schizophrenically, as both a \""return to origin\"" and \""reinterpretation\"", the film definitely inclines to the latter. A romance is added, as is an emphasis on chop-socky action and physical comedy. The joy of the Holmes stories, and of all his best films, is the unraveling of the mystery. Here the mystery takes a back seat, serving as a vehicle to propel the film from one frenetic action sequence to another. The fights are kinetic and exciting, but ultimately many of them seem included for their own sake, not the sake of the story. This is truly a Sherlock Holmes for the MTV generation. Between the whizz-bang fights, some plot sometimes occurs. There is not very much, however, and what is there is underwhelming. Mark Strong is given little to do as the main villian, and his nefarious scheme does not hold up to close scrutiny. Rachel McAdams plays a totally reimagined Irene Adler, who is now a master criminal and Sherlock Holmes's love interest, a development which never appears in Conan Doyle's books. Love, in the books, is anathema to Holmes, and he would no sooner form a romantic relationship than dance naked down the Strand. A good Sherlock Holmes story must remain within the parameters that Conan Doyle set down. It must be a convincing story about Sherlock Holmes. Otherwise, why have it be about Holmes at all? Why not a different detective? The obvious answer is, of course, because the Holmes name is arguably one of the most famous brands in the English speaking world. But this is not an excuse to run roughshod over such a unique character. This is not to say that the movie is without its strong points. Quite apart from its failings as a Sherlock Holmes adventure, it is fun and features two fanstic actors (Downey and Law) as Holmes and Watson. The fights are, admittedly exciting, and the views of 1800s London are top-knotch. I can only hope that the sequel will include more plot, more mystery, and more of Conan Doyle's Holmes, not Guy Ritchie's."" ]",0,1,,
sherlock-holmes,3,Qwerty,,"Dec 27, 2009",[],0,2,,
sherlock-holmes,2,NancyT,,"Dec 27, 2009",[],0,1,,
sherlock-holmes,0,jg,,"Dec 31, 2009",[],0,1,,
sherlock-holmes,0,JohnW.,,"Dec 25, 2009",[],0,4,,
sherlock-holmes,0,JanetM,,"Dec 27, 2009",[],0,1,,
sherlock-holmes,0,zach,,"Dec 29, 2009",[],0,1,,
sherlock-holmes,9,Lambo442,/user/Lambo442,"Dec  3, 2010","[ ""I thought this film was great. Great performances all around, very atmospheric. It also manages to be authentically Holmes, although the action's on a slightly larger scale. But how could anyone not enjoying watching Holmes work out how to take down his opponents in more unique ways."" ]",0,2,0,2
sherlock-holmes,8,Zilcell,/user/Zilcell,"May 11, 2012",[],0,1,0,1
sherlock-holmes,1,JYT,/user/JYT,"Jun 10, 2012","[ ""Little fidelity to the orignal character, very little homework on the history and the period the story took place. This movie is a commercial enterprise to lure bored youngster or people with low reading skills so that they can sit and turn the brain off as usual sitting on the moive theater seat eating some popcorn. Jude Law cannot make a Watson as he does not look at all like a rugby player. Robert Downety Junior would actually make a good Moriarty and Mark Strong should have been the Sherlock Holmes. They have good the cast inverted."" ]",0,2,0,2
sherlock-holmes,7,Critic2012,/user/Critic2012,"May  4, 2012","[ ""Sherlock Holmes is known as the brilliant detective of 221B Baker Street, who can spot minute details in the blink of an eye and observe even the smallest and insignificant things and regard them as important. Here in this film we get a more rambunctious, drugged and physical man with the same intellect and persona we'd expect. An excellent film."" ]",0,1,0,1
sherlock-holmes,10,Swati,/user/Swati,"Feb  7, 2013","[ ""The scenes between Holmes and Watson were witty and fun to watch. I've not read a lot of Sherlock Holmes, but I can tell the movie presented him to be a little too eccentric. Holmes and Watson excel in hand to hand combat, which I thought unlikely. Ironically, I can believe Watson to be great in fighting, given he's a seasoned soldier. The antagonist was brilliant, so was the plot and the mystery. I thoroughly enjoyed every minute of it."" ]",0,1,0,1
sherlock-holmes,10,AnnL,,"Jan  1, 2010",[],0,0,,
sherlock-holmes,7,ml,,"Jan 10, 2010","[ ""Very hard to rate, but I'll bump it because the average is too low. The plot is stupid, the hand-to-hand combat is dubious, it's no more a Sherlock Holmes movie than it is a mystery (closer to a spy movie) and the use of drugs and technology is a massive copout destroying all sense of crime-solving deduction. Yet Holmes and Watson are just so *funny.* They carry the movie away from total oblivion and make in entertaining for at least another viewing. Meanwhile their domestic, awkward relationship sets off the homoeroticism alarms of reviewers everywhere. Arthur Conan Doyle's work was always somewhat pulpy. Perhaps this is really a fitting (if entirely faithless) modern reboot."" ]",0,0,,
sherlock-holmes,8,EvinC.,,"Jan  2, 2010",[],0,0,,
sherlock-holmes,4,Cat,,"Jan  8, 2010","[ ""Bears not the slightest resemblance to Sherlock Holmes, and I was so tired of watching people beat each other up. Rachel MacAdams doesn't seem bright enough to be any kind of mastermind, and the plot of the story is a total snooze. Downey Jr. is fine, Jude Law is forgettable."" ]",0,0,,
sherlock-holmes,9,WillL,,"Jan  3, 2010","[ ""If this film wasn't marketed as 'Sherlock Holmes\"" and the characters were unrelated to the Holmes universe, then this film would have far better ratings. The reviews are simply written by people who are dismayed at the re-writing of Holmes' personality and adaptation by Downy Jr."" ]",0,0,,
sherlock-holmes,7,JonlunD,,"Feb  7, 2010",[],0,0,,
sherlock-holmes,9,Wes,,"Apr  3, 2010",[],0,0,,
sherlock-holmes,6,zekeb.,,"Jan  1, 2010",[],0,0,,
sherlock-holmes,9,JanelleM.,,"Jan 10, 2010",[],0,0,,
sherlock-holmes,8,DonaldC.,,"Jan 18, 2010",[],0,0,,
sherlock-holmes,9,JG.,,"Jan  2, 2010",[],0,0,,
sherlock-holmes,9,RitchieP.,,"Jan  2, 2010",[],0,0,,
sherlock-holmes,10,XavierE.,,"Jan  3, 2010",[],0,0,,
sherlock-holmes,7,Ostaf,,"Jan  3, 2010",[],0,0,,
sherlock-holmes,7,A.C.,,"Jan  3, 2010","[ ""It's nice to read the User coments, honestly, I hate everybody hwo makes a critic, there are so many different comments, from \""This sh*t sucked\"" to \""Masterpiece\"". The Users here aren't giving a critic, they are just saying if the movie liked them or not. A lot of people think they can give a mature coment but no, like this guy John W., what a dumbass, what does he know about writing or acting?"" ]",0,0,,
sherlock-holmes,9,Dave,,"Jan  3, 2010","[ ""This is one of the best movies i have seen so far this year(2009) and maybe one of the best films i have ever seen. The script was very good and the story was extremly enjoying. One of the best things in Sherlock Holmes was the actors; Robert Downey, Jr. And Jude Law. They are perfect and makes the movie great. Everybody has to see this movie. Honestly i cant really see how Sherlock Holmes can bee called a bad movie. It`s a great moie."" ]",0,0,,
sherlock-holmes,10,TimA.,,"Jan  4, 2010",[],0,0,,
sherlock-holmes,4,RanelG.,,"Jan  4, 2010",[],0,0,,
sherlock-holmes,9,kenG,,"Jan  4, 2010",[],0,0,,
sherlock-holmes,9,DavidP.,,"Jan  5, 2010",[],0,0,,
sherlock-holmes,9,Colin,,"Jan  7, 2010",[],0,0,,
sherlock-holmes,6,RickA,,"Jan  8, 2010",[],0,0,,
sherlock-holmes,8,JamesH.,,"Feb  6, 2010","[ ""Sherlock Holmes brings more than a few quick street fighting scenes that brings some critiques to give an automatic hate to the movie. The use of not your fathers Holmes is an excuse for those who can not get past their own childish nature. The movie itself brings us an interesting take on not just Holmes, but the times he lived in. To chuck it aside because its not him sitting there for 30 minutes smoking his pipe then coming up with the answer is to insult Doyle."" ]",0,0,,
sherlock-holmes,8,RodneyM.,,"Mar 29, 2010",[],0,0,,
sherlock-holmes,8,JohnB,,"Mar 30, 2010","[ ""I'm having a difficult time understanding why the lower end of the critics believe this to movie to be so deficient. Is this the best crime drama since the dawn of time? No. Is this an exact replica of Sir Arthur Conan Doyle's famously brilliant short stories and novels? Of course not. But if it where either of the two it would probably be not nearly as entertaining. For those of you who remember, I'd like you to imagine making an exact replica of the \""Encyclopedia Brown\"" series on screen. It would be the same with Sherlock Holmes. Both accomplish their tasks of solving the crime by sheer powers of deduction. I imagine it would be quite tiresome after awhile, just watching someone analyze the facts to reach a conclusion. For that, you could take a Logic course at your local community college and achieve the same effect. Guy Ritchie brings to the series a fun and engaging aspect to Holmes that allows the viewers to be simultaneously entertained and intrigued by Holmes tendency towards the criminal (readers will remember things such as his opium addiction) and his genius as the detective. The film was ultimately an entertaining portrayal of a classic character intended to amuse, bedazzle and intrigue us. I believe Guy Ritchie accomplished just that. That isn't to say that the movie is without fault. Some moments seem a little far-fetched than others and the tension between Adler and Holmes could have been played up a bit. This, however, does not diminish the overall quality that I believe the movie to have. To those expecting a movie portraying a brooding mastermind in the dark solving the crime in a quiet and matter-of-fact brilliance then you clearly have come to the wrong place for entertaining cinema. If you expect a well-balanced mix of action, humor, and, of course, mystery, then I believe \""Sherlock Holmes\"" is well worth the viewing."" ]",0,0,,
sherlock-holmes,8,Batjin,,"Apr 18, 2010","[ ""First of all Downey and Jude were both very good. The story was not as good as the acting. As a whole it was a decent movie. To the crics who gave 50 or below: we are living in the 21st century, where the real stories that Conan Doyle wrote wouldn't satisfy as a blockbuster movie, it needs to be embellished with fast paced action scenes (or a bit of comedy). Although I am a big fan of the books I found the slight change in the story entertaining."" ]",0,0,,
sherlock-holmes,8,AdamK,,"Apr  5, 2010",[],0,0,,
sherlock-holmes,0,JacobC,,"Apr  8, 2010",[],0,0,,
sherlock-holmes,5,ChadS,,"Dec 26, 2009","[ ""Do Sherlock Holmes purists exist? When James Bond was revamped for Martin Campbell's \""Casino Royale\"", people were taken aback by Daniel Craig's hooligan interpretation of the 007 agent, because the long-running series never went away. Many missed the gentleman Bond, even George Lazenby. On the other hand, the Scotland Yard detective(created by Sir Arthur Conan Doyle) has not graced the big screen since Barry Levinson's \""Young Sherlock Holmes\"", almost twenty-five years ago. Does anybody miss the non-boxing Holmes? Probably not. In effect, the filmmaker has carte blanche on remaking this pop culture figure(who hasn't been popular since the Seattle music scene was headed by The Young Fresh Fellows), and as a result, he turned Holmes and Dr. Watson into \""Perfect Strangers\""(the ABC sitcom from the late-eighties, starring Pierce Brosnan and Mark Linn-Baker), two heterosexual males with man crushes on each other. Although there is nothing in \""Sherlock Holmes\"" that resembles a \""Brokeback England\"", curiously(curious because Holmes' squeeze is the squeezable Rachel McAdams), neither man gets hot and heavy with their readily available women. It's a buddy movie: pure testosterone, an action film with a \""Scooby-Doo\"" mentality, in which Holmes goes about debunking the existence of a supernatural realm. Almost as an afterthought, \""Sherlock Holmes\"" does indeed find time to show the detective not being an action hero, but his sleuthing powers somehow seems diminished by the scale of the production. The powers of his brain is subordinate to the special effects."" ]",0,0,,
sherlock-holmes,7,KatieB,,"Dec 30, 2009","[ ""I generally like Guy Ritchie movies. I generally love all the lead actors, especially RDJ. Chemistry between all the actors was palpable and believable. I agree with other reviewers who said the story line was just not good enough. The acting, bantering dialogue, well-created relationships, scenery, costuming, music - all merit high scores. Story and plot, not so much. Unfortunately. I would see it again, however. Just for RDJ boxing, sans shirt. Seriously, it was very enjoyable. Hope the sequel has a better story line!"" ]",0,0,,
sherlock-holmes,2,NormanM.,,"Dec 30, 2009",[],0,0,,
sherlock-holmes,8,RodneyW.,,"Jan  1, 2010",[],0,0,,
sherlock-holmes,8,rayb.,,"Jan  1, 2010",[],0,0,,
sherlock-holmes,5,RN,,"Jan  1, 2010","[ ""The movie is at it's very best only ok. Although it portrays a very likable cast of characters and the leads give off a great performance, the story is lacking. It shows almost too much predictablity and as for fans of the Doyle's original works... well if they really liked the originals they'll find themselves disapointed. However for the rest of us whom aren't harsh critics or hard headed fan boys, the movie worth watching once or twice."" ]",0,0,,
sherlock-holmes,9,IsabelleK.,,"Jan 12, 2010",[],0,0,,
sherlock-holmes,4,RobertI.,,"Jan 13, 2010",[],0,0,,
sherlock-holmes,10,JDust,,"Jan 15, 2010","[ ""the movie was overall quite intruguing and enjoyable. the cinematography was quite unique in some parts, such as at the beginning and in the chase scene leading up to the shipyard. the plot was believable and quite intriguing, and when not compared to the books was an exceptional movie. the psychology was thrilling."" ]",0,0,,
sherlock-holmes,7,SusanS,,"Jan 18, 2010","[ ""Really, like a 6.7; a silly, light-headed prologue to what could be a more intriguing sequel once Prof. Moriarty reveals himself. One thing the film has going for it, though--the much discussed chemistry between Holmes and Watson, which all involved, including Rachel McAdams, seem to be reveling in. McAdams plays a sporting beard, understanding that Irene Adler is to be witty, cunning, pretty (but not too pretty), and not to get in the way of her two pretty male costars, whose seem to be barely containing their laughter at their characters' suppressed Victorian passion for each other. There is a ambiguously evil plot; Mark Strong does well at an ambiguously evil Lord Blackwell, and Hans Matheson (from The Tudors) actually manages to put some enthusiasm into the whole scheme. Overall, a fun two-plus hours, with some great verbal banter and random action sequences. A fun diversion; let's see if Ritchie can come up with an actual mystery next time."" ]",0,0,,
sherlock-holmes,10,KatieY,,"Jan  2, 2010","[ ""Sherlock Holmes was a great movie. Holmes was full of action and definitely kept me to the edge of my seat. Robert Downey Jr. was spectacular in Sherlock Holmes, gee its no surprise that he was nominated for a Golden Globe for this movie. I will most likely plan on seeing more of Guy Ritchie's films."" ]",0,0,,
sherlock-holmes,5,Sandy,,"Jan 23, 2010","[ ""Pants. Oh, alright then, if I must say more... Unbearable fake English accent from Downey ( like DvDyke's cocker-nee chimney sweep) grates throughout. No chemistry with Jude Law (who, IMO, has no chemistry in anything I've seen him in on his own, never mind with others). Typical Ritchie cockney geezers, silly plot, slo-mo fights (Sooo overdone these days). One decent gag - the fight on the slipway - and one decent actor - Mark Strong - but limp climax. 5 is generous!"" ]",0,0,,
sherlock-holmes,8,JoeS,,"Jan 25, 2010",[],0,0,,
sherlock-holmes,5,DanB,,"Jan 26, 2010",[],0,0,,
sherlock-holmes,5,kgm,,"Jan 30, 2010",[],0,0,,
sherlock-holmes,4,martinJ.,,"Jan  3, 2010","[ ""I'm a fan of Holmes in all iterations. But, this version was too ambiguous. You never understood why Holmes was so tortured, i.e. his addictions and obsessions. Plus, plot was overly convenient albeit in Doyle-like fashion, but come on, the guy Holmes is looking for is in the coffin. Weak. Finally, the relationship between Holmes and Watson was far less adversarial then presented. While action packed, I found the movie rather dull."" ]",0,0,,
sherlock-holmes,9,ChrisK,,"Jan  5, 2010",[],0,0,,
sherlock-holmes,9,Richb.,,"Jan  5, 2010",[],0,0,,
sherlock-holmes,6,marlac.,,"Jan  8, 2010",[],0,0,,
sherlock-holmes,4,tylerw.,,"Jan  8, 2010",[],0,0,,
sherlock-holmes,10,PD,,"Feb 13, 2010",[],0,0,,
sherlock-holmes,4,NerijusD.,,"Feb  7, 2010",[],0,0,,
sherlock-holmes,7,HunterL,,"Apr 11, 2010",[],0,0,,
sherlock-holmes,8,HyperS,,"Apr 17, 2010","[ ""The visuals (action sequences and scenery) were superb. The acting was great. And the story, while briefly making you think \""oh great some unrealistic supernatural trash\"", comes together nicely in the end. Yes the \""old\"" Holmes is no more in this movie.. but honestly... a more badass \""I'm going to not only kick your ass with my mind, but with my fists as well\"" opens the door to far more interesting encounters and simply...a far more entertaining movie."" ]",0,0,,
sherlock-holmes,9,LenV,,"May 15, 2010","[ ""This picture currently has the same grade as Downey's other recent blockbuster, \""Iron Man 2.\"" Both average out to a 57. That's difficult to comprehend, since the Iron Man sequel is a piece of garbage, while this movie is full of all of the suspense that the Iron Man sequel failed to capture. Applying Sherlock Holmes-like deduction to this case, I can only guess that the critics have used different standards in evaluating \""Sherlock Holmes,\"" treating it as a literary adaptation. Well, it's not Arthur Conan Doyle; it's based on a comic book version. And the result is actually better than yet another stuffy Doyle adaptation would have been: it's stylish, funny, exciting. I'm disappointed to see critics sniff at \""Sherlock Holmes\"" just because there's a book somewhere behind it. The only misstep is Rachel McAdams, who plays her role seductively but makes it hard to imagine that she was ever a master criminal."" ]",0,0,,
sherlock-holmes,4,LeoT.,,"Dec 25, 2009",[],0,0,,
sherlock-holmes,9,LauraR.,,"Dec 25, 2009",[],0,0,,
sherlock-holmes,1,WillF,,"Dec 26, 2009","[ ""This was the most boring movie to ever be created. Half of the theater fell asleep over the course of this seemingly endless tragedy of classic literature. Not only was the character of Dr. Watson completely butchered, but the movie was just plain boring. There are two distinct moments when Sherlocke does the slow-motion deductive analysis of a situation which was the only interesting bit of this movie. Do not waste any money seeing this... ever. Just go read the books and don't let this movie tarnish your love of the originals."" ]",0,0,,
sherlock-holmes,0,LarryS,,"Dec 26, 2009","[ ""The worst movie of the year. Nonsense from beginning to end without an ounce of anything. As usual, the special effects and the booming soundtrack predominate. The story is without a plot, only mindless action to overcome lthe void. The director should be made to look at the old Sherlock films, even the many bad ones, as punishment for this mess."" ]",0,0,,
sherlock-holmes,7,SeanC.,,"Dec 26, 2009","[ ""Typically I agree with the critics. For the most part, they seem to get it right, avoiding Hollywood cliche and giving plaudits to films who try to be above the fray. However, this December I am completely confused. No this was not the best film of the year, and at times reverted to traditional action film archetypes, but it was certainly worth watching. Terrific acting, clever writing, and a macabre take (and perhaps more accurate to the written stories) on what has otherwise become a cartoonish and comical Sherlock Holmes franchise. I would compare this to the \""Batman Begins\"" of an otherwise irrelevant and outdated character. Two thumbs up, especially in light of movies like Avatar which are completely overproduced and over praised."" ]",0,0,,
sherlock-holmes,9,LarryJ,,"Dec 26, 2009",[],0,0,,
sherlock-holmes,2,RobertPt,,"Dec 27, 2009","[ ""Very little to be positive about in this movie. Downey does a good job of giving life to a Sherlock character that is terribly written. Downey is funny in many places but that is a fault not a plus. Law is good as Watson and the character is decently written. McAdams as the female lead is terrible in a terrible role. The stars did not have much to work with. The story is lame (poor Harry Potter ripoff - 2 males and female chasing a nether-world villain), the staging is uninspired and the costuming is weak. Save your money and avoid at all costs."" ]",0,0,,
sherlock-holmes,9,AndrewM.,,"Dec 28, 2009","[ ""Great action movie balanced well with detective work. It seems like most people think they're Sherlock Holmes experts and complain that the wrote his character bad in this film. Look it up! the original Sherlock Holmes was a eccentric, dirty cock addict. They wrote him exactly as they should have."" ]",0,0,,
sherlock-holmes,10,NicolaM.,,"Dec 28, 2009",[],0,0,,
sherlock-holmes,7,IvanT.,,"Dec 29, 2009","[ ""As anyone could tell from the previews, Doyle's Holmes is only a distant ancestor of this portrayal of the London detective. A fun film that is intended to mesmerize the audience with a steady stream of witty dialogue, clever mystery, and thrilling action. Small wonder the critics don't approve. As blockbusters go, this one's worth its weight. Best viewed in the cinema, once."" ]",0,0,,
sherlock-holmes,7,CiaranH.,,"Dec 29, 2009","[ ""Over the years there have been countless adaptations of Sir Arthut Conan Doyle's series of books revolving aroudn the man with the most brilliant mind in the world, Sherlock Holmes. In fact, there have been so many adaptations from so many different medias that it takes a very good film to stick out from the Sherlock Holmes crowd. Robert Downey Jr. (Holmes) brings his own unique style to the character. He shows previously unseen side of Holmes, he makes the character his own, much like Daniel Craig did in the recent James Bond films. Although the plot is developed very slowly throughout the course of the film (which is definitely overlong), Guy Ritchie manages to keep us hooked through dramatic fights and a clever, witty script. In conclusion, if you want to see another boring and repetitive adaption of Sherlock Holmes do not go and see this film, if however if you want to see a unique and brilliant take on the story do come and see this thrilling film."" ]",0,0,,
sherlock-holmes,7,FionaB.,,"Dec 31, 2009",[],0,0,,
sherlock-holmes,10,PaulA,,"Dec 31, 2009",[],0,0,,
sherlock-holmes,2,SK.,,"Dec 30, 2009","[ ""The film was boring. The characters were badly rounded, inhuman and often unintelligent. Downey Jr. plays a part well but the part is not Sherlock Holmes. If the name was taken away from the film and it was just a stand alone adventure film with two original characters it would still be terrible. I wouldn't advise this film to Guy RItchie fans or fans of Sherlock Holmes. Just to the masses of people who love the dumbed down action films that the film industry feel are all the public are capable of digesting."" ]",0,0,,
sherlock-holmes,8,AnnK.,,"Jan 12, 2010","[ ""Refreshing. Great fun. Didn't come to this conclusion until about 24 hours after watching; this Sherlock and Watson and crew stays with you and ripens somehow. Excellent character development of all the major plays and also of many of the peripherals. All in all a rollicking, fun ride. Am going to see again."" ]",0,0,,
sherlock-holmes,9,RuthK.,,"Jan 13, 2010","[ ""I have read all the Sherlock Holmes stories several times over AND I am a mature person of 60ish. I thought the plot was a clever interpretation of the stories for today's cinema - the biffo and the World Domination seem essential for an action/adventure movie to hold its own. Interesting Holmes only plucked at his violin, I thought this verged on looking odd, but perhaps it was necessary. A violin sounds better in a book! I thought the characterisations were very true to the stories, interpreted for the biffo and also to lighten the tone a bit. I really liked the sense of fun of the actors and in the plot, that helped the movie a lot. RDJ and Jude law were excellent, each challenging the other to lift their game. The set and scenes were pretty good too, I like the grey and dull tones for the atmosphere."" ]",0,0,,
sherlock-holmes,9,PiaV.,,"Jan 14, 2010",[],0,0,,
sherlock-holmes,10,NickG,,"Jan 17, 2010","[ ""Very fast pace and fun movie, some violence but not extreme. Excellent new take on showing Holmes thought pattern (slow-mo fight scenes). Added +1 as I like Guy Ritchie's other movies and this is in a similar vein. 9/10 if your not a Ritchie fan."" ]",0,0,,
sherlock-holmes,9,JonW.,,"Jan 18, 2010",[],0,0,,
sherlock-holmes,9,JohanF,,"Mar 29, 2010","[ ""I don't know what all the critics are so mad about. Of course, this movie is nothing like the old books, but hey, did they want it to be like that? I think teh crowd would be bored to tears if they would have to watch an hour and a half of Holmes questioning some random person and in the last 10 minutes solving the case. This movie took some liberties (read: a lot) if you want to compare it to the books, but the fantastic plot and entertaining action scenes, this movie should've been rated way higher."" ]",0,0,,
sherlock-holmes,9,KevinB,,"Mar 29, 2010",[],0,0,,
sherlock-holmes,9,MikeB,,"Apr 28, 2010",[],0,0,,
sherlock-holmes,4,SamJ,,"May 16, 2010",[],0,0,,
sherlock-holmes,9,SteveF,,"May 16, 2010",[],0,0,,
sherlock-holmes,5,SusanL.,,"Dec 25, 2009",[],0,0,,
sherlock-holmes,9,BarryS.,,"Dec 25, 2009",[],0,0,,
sherlock-holmes,8,unclepaul,,"Dec 26, 2009","[ ""Entertaining at it's worst, Sherlock Holmes shows a restained Guy Ritchie touch, with appropriate levels of fun from all concerned characters. I liked the dirtier Holmes, with his well-travelled knowledge of the martial arts and French. I expect a better sequel."" ]",0,0,,
sherlock-holmes,9,JoeyK,,"Dec 26, 2009","[ ""Yes, it's a different kind of Sherlock Holmes, but it's still a good one. It's a Hollywood treatment of the character, but it works.The first thing the movie does is show Holmes using his quick wit and amazing observational skills to beat up a guy. The movie is simultaneously clever and explodey. It works. Recommended."" ]",0,0,,
sherlock-holmes,9,dane,,"Dec 26, 2009",[],0,0,,
sherlock-holmes,9,MarthaR.,,"Dec 27, 2009","[ ""Very entertaining movie. We all know going in this is NOT your mother's Sherlock Holmes, so no one should be critical of the outlandish scenes. It's witty, great action, wonderful sets and visually intriguing aura of dirty London. Downey is mesmerizing! I was in awe of the stunning action scenes and actually cringed waiting for the moment of danger to pass. Lots of fun surprises in this movie."" ]",0,0,,
sherlock-holmes,8,BrianJ.,,"Dec 27, 2009","[ ""Not a movie for Holmes fans who cant look past the interpretation of the character they grew up with. That said, The writers have done something compelling. They took everything that \""Is\"" Sherlock Holmes and without adding anything of their own, created a completely different representation of the character. What comes out IS an enjoyable character, even if it is diluted slightly by Robert Downey Jr. (when did he magically become a one-trick pony?) and Jude Law makes for a perfect counterpoint and Ally as Watson. The Plot, barring sensationalism, IS a Doyle-esque mystery, and the Technique used by Richie and his Cinematographer(s?) to show Holmes' thoughts and deductions is a great, if slightly over used feature of the narrative. I admit, I grew up as a huge fan of the Character (and the Jeremy Brett rendition), so it took 15 minutes or more of screen time for me to finally shut off that voice in my head saying \""That's not Holmes!\"" Once I got passed that, I found a fun, enjoyable, decidedly \""Sherlock Holmes-like\"" Flick. I'd definitely recommend it to anyone who isn't a die-hard fan of the source, and to any true fan who can get passed the differences in this version, and enjoy the movie beneath."" ]",0,0,,
sherlock-holmes,10,WilliamJ.,,"Dec 28, 2009",[],0,0,,
sherlock-holmes,6,FrankO.,,"Dec 28, 2009","[ ""I enjoyed this movie but it felt very long. The chase scenes and the beginning set-up were too long. I liked the interaction and relationship between Holmes and Watson. Was this suppose to be an action/adventure story or a mystery? It did not do justice to either."" ]",0,0,,
sherlock-holmes,9,Fabio,,"Dec 29, 2009","[ ""Great movie, we finally have a Sherlock and a Watson as close as possible to Doyle's books. also we find in the movie all the most important elements from the original books. movie's ending is open to sequel. I'm only a tiny bit disappointed to some exaggerations (you ask yourself how they came out alive from certain situations), but that really doesn't matter so much."" ]",0,0,,
sherlock-holmes,9,adrianj.,,"Dec 29, 2009",[],0,0,,
sherlock-holmes,9,DanC,,"Dec 31, 2009",[],0,0,,
sherlock-holmes,8,ShadoeD.,,"Dec 30, 2009",[],0,0,,
sherlock-holmes,8,RobertL,,"Dec 30, 2009",[],0,0,,
sherlock-holmes,4,criticsRmad,,"Dec 30, 2009","[ ""Critcs weren't so mad this time around. This was boring, boring, boring drivel. I haven't been this disappointed in a movie in a long time. Didn't care about the characters and couldn't care less what happened to them. I like the new idea of Holmes and Watson, but the movie just didn't start up. I couldn't wait for it to be over."" ]",0,0,,
sherlock-holmes,9,CharlieD.,,"Dec 30, 2009",[],0,0,,
sherlock-holmes,7,BryanK,,"Dec 30, 2009","[ ""Ever since Arthur Doyle wrote the original novel adventures of Sherlock Holmes, their have been a variety of film versions of the stories. Now at the end of this year, a new film version arrives to bring this character into twenty-first century. The film adaptation has a mixed result in its execution and concept. Without revealing the plot, it is implied as a supernatural Sherlock Holmes story, which feels more it should be titled, \""Sherlock Holmes meets the Devil rides out\"". At first, the plot moves at a rapid pace, but slows down by the thirty minute mark. In the title character is Robert Downey Jr who leads the film very well. His take on the character is a more sarcastic and tongue in cheek version with only a decent amount of seriousness. Jude Law is pretty good as Watson and is the serious man between the two appearing a complete commanding actor. As for Rachel McAdams, she has her moments and then she does not. While she does well in her role as Holmes' \""female companion\"", her American voice sounds somewhat out of place in Victorian England. The film's colouring is another aspect which needs to be discussed. The film is shot in a monotone colour scheme in which browns and dark greys appear with the only truly vibrant color being the red in McAdams' dress. However their are problems with the film's structure. At the conclusion, in what could be an open and darker ending, the film seems to go on a little too long and leaves open the idea of a followup. Overall a pretty well done film, but not without its faults. Anyway, Happy New Year to everyone at Metacritic."" ]",0,0,,
sherlock-holmes,8,RichM.,,"Dec 31, 2009","[ ""Sherlock Holmes is not a character I've ever had any real interest in and Guy Ritchie seemed to be getting worse by the film, so this wasn't exactly a film I had great expectations for. But much to my suprise its a hoot from start to finish. The writers have crafted the Holmes and Watson characters into something both interesting and easy to buy in to. Their relationship gives weight to film that could easilly have lost itself in its slightly bizzare plot and Ritchie's trademark direction. Go see"" ]",0,0,,
sherlock-holmes,4,SteveS,,"Dec 30, 2009",[],0,0,,
sherlock-holmes,9,Ben,,"Dec 25, 2009",[],0,0,,
sherlock-holmes,9,PatrickN.,,"Dec 25, 2009","[ ""Great escape with two great actors. Yes you are going to a Holmes movie but you are also going to see a Guy Ritchie affair. If you like Ritchie movies you will like this. If you want pure Holmes, as so many critics pretend, watch PBS. Can't wait for the sequel."" ]",0,0,,
sherlock-holmes,10,DeborahS.,,"Dec 25, 2009",[],0,0,,
sherlock-holmes,9,SuzieQ,,"Dec 25, 2009",[],0,0,,
sherlock-holmes,10,LindaC,,"Dec 25, 2009","[ ""Thanks to Basil Rathbone and Nigel Bruce, there is an extraordinary benchmark of character texture and tenor which the classic novel protagonist Holmes and Watson should possess. Downey is superb at finding and sustaining a tone and rhythm that is new yet as captivating as that portrayed for years by Rathbone. Jude Law does not bring a fresh appeal to Watson; however, he adequately provides the character and personality contrast to Rathbone needed to complete the dynamic duo. About 16 family and friends went to see it. We all concluded we cannot wait to see the sequels which we hope will be plenty!"" ]",0,0,,
sherlock-holmes,6,AaronG,,"Dec 26, 2009","[ ""It's kind of a hard movie to like. I mean, the cast and acting is great, and the script is never really bad, but at the same time nothing that happens makes you go \""OH MY GOD I HAVE TO SEE THAT AGAIN\"". The story is a bit hard to follow and the way Sherlock figures things out are kind of silly. There's huge potential for Guy Ritchie to make a franchise off this movie, and I think I might like that. But one thing I've GOT to say, this is a beautifully made movie. All the sets and costumes, even the scenery, matches the mood of the plot perfectly. The grey-blue color scheme adds to the mood instead of taking away from it like some other films (coughtwilightcough). It wasn't a bad movie at all, but I can understand why some won't like it. If you're interested in seeing this, go ahead and watch it, you'll enjoy."" ]",0,0,,
sherlock-holmes,7,TArkoB,,"Dec 26, 2009",[],0,0,,
sherlock-holmes,9,CraigW.,,"Dec 27, 2009",[],0,0,,
sherlock-holmes,7,WilliamC.,,"Dec 27, 2009","[ ""Sherlock Holmes: A Mystery to Solved As the Christmas festivities come to a close, other opportunities open up in the world of theatrical entertainment, with the release of Sherlock Homes starring Robert Downy Jr., Jude Law, and Rachel McAdams. Yet with this installment of Holmes, after so many before have been a delightful and true emersion into the pages of creator Arthur Conan Doyle, has become like so many movies of this generation; an action thriller full of explosions and special effects. The plot takes us out of the original stories, and into a time where Holmes (Downy) has become despondent from a lack of cases, after solving his latest one in the opening of the movie. Watson (Law) is preparing to move out of 221B Baker Street to consider marriage. Although this is obviously putting strain on the dynamic duo"" ]",0,0,,
sherlock-holmes,9,DavidH.,,"Dec 27, 2009",[],0,0,,
sherlock-holmes,8,JohnR.,,"Dec 27, 2009","[ ""This is not your grandfather's Sherlock Holmes, but Law and Downey are expertly directed, the story is complex and very chock full of Holmes' style discovery. Add to that two lovely ladies and gorgeous CGI of 19th Century London and you very much get your monies' worth. This is the beginning of a long franchise, I am certain."" ]",0,0,,
sherlock-holmes,5,larryk.,,"Dec 29, 2009","[ ""Boring. Where was the tension? Where was the drama? Ordinary. Law and Downey tried to click but no real chemistry ever developed. McAdams was thrown into the mix, but still no chemistry. Humor was lame, drawing out nary a chuckle. Too bad, it looked like a lot of work went into creating this period piece. It was a great looking movie. And although Downey threw a lot of punches in the film, \""Sherlock Holmes\"" as a whole delivers only soft blows at best. It won't knock you out."" ]",0,0,,
sherlock-holmes,9,MelF.,,"Dec 29, 2009","[ ""Guy Ritchie has done a great job turning the stereotypical Holmes persona on its head. Drawing more on Conan Doyle's books than his moviemaking predecessors, Ritchie has cast RDJ and Jude Law as the cocky, dirty, and delightful Holmes and Watson. This movie leaves little room to dissappoint."" ]",0,0,,
sherlock-holmes,5,JasonW,,"Dec 29, 2009",[],0,0,,
sherlock-holmes,10,TinaC.,,"Dec 29, 2009",[],0,0,,
sherlock-holmes,10,CT,,"Dec 29, 2009",[],0,0,,
sherlock-holmes,9,JudyT,,"Dec 29, 2009",[],0,0,,
sherlock-holmes,9,RobertP.,,"Dec 31, 2009",[],0,0,,
sherlock-holmes,10,LouiseH.,,"Dec 31, 2009","[ ""I can't fault this movie. It's was so smart and sassy, delightfully witty and gritty. Downey pulled off a perfect intellectual master of observation that is wonderfully messed up and hopeless. The Holmes and Watson dynamic was fantastic. I also loved the puncy soundtrack."" ]",0,0,,
sherlock-holmes,10,Jawcl,/user/Jawcl,"Aug 17, 2010","[ ""I don't understand why this movie got such bad ratings, I thought it was BRILLIANT!!!  Robert Downey Jr. was perfect for Holmes, he was funny, yet serious at the same time.  I thought it was an amazing movie for the holidays, it totally made me happy after seeing it.  I must say though, it was a little unreal when they knocked down some of the bad guys....  But good must always win!!!"", ""Enjoy the movie!!"" ]",0,0,0,0
sherlock-holmes,8,ERG1008,/user/ERG1008,"Sep 17, 2010","[ ""Guy Ritchie's interpretation of Conan-Doyle's famous sleuth with Black Magic, bare-knuckle boxing & general 19th Century japery."", ""Nice to see GR back on form in this action-adventure romp which has its clever twists & turns with a very strong cast (even Jude Law is good!)."", ""Took me a while to warm to RDJ's Holmes as he is very much a hyper-active thuggish brute but by the end I was won over."", ""The whole thing looks great too with Tower Bridge under construction, scaled down Piccadilly Circus & a great authenticity."" ]",0,0,0,0
sherlock-holmes,7,C1G4N0,/user/C1G4N0,"Sep  8, 2010",[],0,0,0,0
sherlock-holmes,9,txrangersfan72,/user/txrangersfan72,"Sep 19, 2010","[ ""Although the trailers only had me moderately interested, I guess they were a good manager of expectations because this move was PHENOMENAL! Robert Downey Jr is superb as the intellectual detective Sherlock Holmes. Jude Law is perfectly cast as his partner, Dr. Watson. Even though the trailers are full of the witty quips that run rampant in this flick, they don't do justice in showing just how intelligently this story is delivered. The script is near flawless. The story is intoxicating from the first minute. The acting is immensely entertaining. The sets were exquisite. The directing was surgically executed. Like Batman Begins, the story is almost nonstop, even up to the very end when the sequel is teased. Except instead of the Joker, we learn that Professor Moriarty will be the next villain!"" ]",0,0,0,0
sherlock-holmes,6,Bairdo,/user/Bairdo,"Sep 22, 2010",[],0,0,0,0
sherlock-holmes,7,MovieLonely94,/user/MovieLonely94,"Nov  2, 2010",[],0,0,0,0
sherlock-holmes,7,Flapjack,/user/Flapjack,"Oct 22, 2010",[],0,0,0,0
sherlock-holmes,6,LondonTruelove,/user/LondonTruelove,"Nov 11, 2010","[ ""Ehhh, not nearly what I expected. I'm a huge fan of Robert Downey Jr. and an even bigger one of Guy Ritchie, so naturally when I heard this film was being made I got excited. Not at all lived up to the anticipation. Watch if you like, but you're not missing anything if you don't."" ]",0,0,0,0
sherlock-holmes,8,Rumblebeelove,/user/Rumblebeelove,"Jan  8, 2011","[ ""The backdrop and music are fantastic, while the actors really seem spot on. There is a unique sense of style and all the actors fit well. Camerawork and effects are great, but not too overwelming. I enjoyed the interesting touch editing. Robert Downey Jr. delivers, as well does Jude Law, though I would love to see Mark Strong being a hero one day. My only complaint is that I figured everything out before the end."" ]",0,0,0,0
sherlock-holmes,7,JonnyFendi,/user/JonnyFendi,"Jan 20, 2011","[ ""Before thiz newest version, there are about 200 movies that brought Sherlock into wide-screen and more than 70 Actors played as thiz famous character. Sherlock Holmes is a well-known detective on Sir Arthur Conan Doyle novels (Which first time published on 1887). Sherlock on thiz movie is Robert -Iron Man- Downey Jr., Accompanied by his fellow side-kick Dr. John Watson (played by Jude Law). The Other Casts are Rachel McAdams and Mark Strong. Downey Jr. seem does not care how to perform Sherlock authentically, otherwise he just act with his style and just have fun on his version of Sherlock. As we knew, Sherlock is discreet, calm, and charismatic person. But in the end, I think viewers also agree to put beside the original Sherlock for a while, bcoz thiz version is enjoyable. In the overall, The movie was very good enough and very funny with a good fresh concept. The Director is Guy Ritchie. Ritchie known as Indie-Director, which is his best works are LOCK, STOCK, AND TWO SMOKING BARRELS (1998) and SNATCH (2000). The plots in thiz movie is excited on the beginning, a little lame on the middle of film, and closed with just customary ending. After watching thiz movie, maybe its cross on our mind, Downey Jr. on his version of Sherlock resembles with Will Smith performance on WILD WILD WEST (1999). But we must to admit that thiz movie have some plus poins compare with Smith WILD WILD WEST. Both of the movies show us a new style on the legendary figures. Here he comes, The Funky Sherlock!"", """", ""Visit My Blog on JONNY'S MOVEE on : http://jonnyfendi.blogspot.com"" ]",0,0,0,0
sherlock-holmes,8,Moviebuffreview,/user/Moviebuffreview,"Apr  6, 2011","[ ""The first time I saw this movie, I hadn't really read a lot of the Sherlock Holmes stories so I wasn't that familiar with the character. However, after becoming more familiar with the character, I really enjoy this movie. Thanks to some great performances, especially Robert Downey Jr., a script that is original while accurately recreating the characters, and some good humor, Sherlock Holmes is a movie worth seeing. A little cliche? Yes, but definitely good."" ]",0,0,0,0
sherlock-holmes,7,codfather96,/user/codfather96,"Aug 19, 2011","[ ""Ritchie puts his own spin on the Sherlock story making him much more of a street smart detective and more of a oddball to society than god like genius. The story is a little bit complicated and losses steam but the performance from Downey is great, Jude Law is good and really grounds the movie as Watson and even though the supporting cast is forgettable they are made up for with fantastic slow motion run through of how Sherlock will dispatch his enemies, which is great as normally in action movies they just beat the crap out of their enemies but in this Sherlock narrates how he will beat them up and gives us the various injures they will sustain. I is a decent film but not having a great story in a Sherlock Holmes film is kind of stupid."" ]",0,0,0,0
sherlock-holmes,10,tman267,/user/tman267,"Feb 19, 2011","[ ""I went to see this movie with a friend, and was expecting a great movie. Ultimately it didn't live up to the expectations of a Sherlock Holmes movie. However, it was extremely entertaining. I enjoyed the mixture of deduction and modern technology. The plot was interesting, but I was able to figure it out a good twenty minutes in. Overall, it was really entertaining, but would have been better if they made up a new character instead of Sherlock Holmes."" ]",0,0,0,0
sherlock-holmes,6,EmuChicken,/user/EmuChicken,"May 14, 2011","[ ""So I rented this one, expecting it to be like an old crime whodonnit thing - and was kinda surprised.  Never knew the Holmes / Watson combination were like Batman and Robin!?!"", ""... Come to think of it, this IS Batman in the 19th century! (or was it early 20th century!?)"", ""The plot was far too difficult for my wife to understand, - was similar to \""Da Vinci Code\"" but added a \""bit\"" of reality to the ending (still I understood, wife, not a clue)"", ""As it got to around an hour in, it felt like the story was dragging a little longer than it needed."", ""As a rundown, Batman (the new style) + Da Vinci Code = Sherlock Holmes. .. who'd have guessed!?"" ]",0,0,0,0
sherlock-holmes,6,rotku,/user/rotku,"Jan 15, 2012",[],0,0,0,0
sherlock-holmes,8,MrCinnamon,/user/MrCinnamon,"May 29, 2011","[ ""This film has received much negative criticism from numerous sources. They say its too \""thuggish\"", too \""brutish\"" and that its a crude imitation of what sherlock holmes should be. Yet there is one thing niggling at me."", ""It seems that had it not been called sherlock holmes, then the film would have received much better reviews. All these people have it in their heads that because it is holmes then it MUST be this or that."", ""To this I say, what a load of..... The film is very good. There is a fantastic balance of mystery, action and clever details. Some of which you may not notice at first. The acting throughout is superb, from all those involved. The plot and story development is well thought out and ends with a brilliantly executed scene which reveals all to the audience."", ""All round it was a very good film, well worth the money for a cinema ticket or DVD. Don't listen to these prejudiced fools who tell you it can't be good just because it isn't like the sherlock of old. This is an outstanding adaptation of the classic tales."" ]",0,0,0,0
sherlock-holmes,10,Solveig,/user/Solveig,"Dec 28, 2011",[],0,0,0,0
sherlock-holmes,10,giri2706,/user/giri2706,"Aug  5, 2011",[],0,0,0,0
sherlock-holmes,6,avatar16,/user/avatar16,"Dec 17, 2011","[ ""Trop attach  l'image qu'on lui donnait dans les films prcdents, il m'a t difficile d'accorder le moindre intrt  ce Sherlock Holmes version 2010. Et franchement, s'il n'avait pas quelques atouts en poche, je resterais sur ma dcision. A commencer par son allure de blockbuster et sa mise en scne (ralentis, certains cadrages) parfaitement inutile, sans parler de l'ambiance un brin agaante (Hans Zimmer n'est pas le meilleur  chaque fois). Mais je dois reconnatre que l'ensemble est largement sauv par l'interprtation et par le scnario, vritable enqute policire qui rend le film divertissant et intrigant. Car voil les seuls qualificatifs que je donnerais pour juger ce Sherlock Holmes : un blockbuster plutt sympathique, mais pas aussi exceptionnel de ce qui se faisait entendre."" ]",0,0,0,0
sherlock-holmes,8,jos95,/user/jos95,"Jul 17, 2012","[ ""There isn't much of a mystery in this movie, but Sherlock Holmes mostly benefits from Robert Downey Jr's performance, and his pairing with Jude Law as Watson. Mark Strong gives chills as Blackwood and for what seems like the first time in movie history, the love interest gets cuts and bruises! One of many ways the movie avoids cliches. The action is also very imaginative and brilliantly realized. It's not your grandpa's version of Sherlock, but it's a great popcorn flick nonetheless."" ]",0,0,0,0
sherlock-holmes,1,JonathanC,/user/JonathanC,"Aug 13, 2012","[ ""Absolutely terribly put together. I cant see how this is getting any good reviews at all. There is just too much wrong with it. The plots are weak. The story telling has holes and the pace is awkward at best. The fight scenes are laughable, not to mention pathetic for a period piece and clashes with everything Sherlock Holmes of books was about."" ]",0,0,0,0
sherlock-holmes,10,EssenceOfSugar,/user/EssenceOfSugar,"Dec 21, 2011","[ ""Since this is based on an inspiring part of historical literature, people have come at it with their all, and what I'm mostly hearing is that it has turned much into an action movie and that they were 'getting tired of people being beaten up'. What might have been missed is the intellect that was deduced by Holmes, and that people may more have noticed the significant amount of violence because of it being seen on screen, and you have to look closer in order to pick up the lesser significant and more unnoticed details. Sherlock Holmes may have had violence and explosions in it, but it showed Holmes as an experienced person that didn't just go around injuring people for the fun of it. He looked for clues, he came to conclusions, he used logic. Ritchie may have spiced up this new Holmes a little more than people expected, but it added to the fun of the movie. It didn't show him in a new light, it just showed us his capabilities and his strength for his environment. People might not have picked up on this, and the fact it might have been 'too complicated and boring' means that they probably weren't focusing on it as such to figure it out for themselves. You might have expected what was going to happen, seeing as it was based on a piece of famous literature, but Sherlock Holmes of course is opened to interpretation. Then why go in there and see it, not bother to focus on the finer details, at least enjoy the film, and beforehand think you're going to expect something completely different? It's confusing how people thought this film would happen, and how it was going to turn out. With all these production teams and crews designing and creating this imaginative piece of media, why think you're going to get a tame bunch of people solving mysteries without any spice like the book says?"", ""I, myself, loved the performance by Robert Downey Jr., who seemed to fit into the role like a glove. Why bother with any other actor when you've got him around to play a bohemian detective who performs experiments on animals (O.K, a little out of touch there)? Although he's American, that was not a barrier to him when he spoke in a brilliant Victorian English accent.  It's harder than you think trying to cast these people, and what better way than such a famous star? Not to mention the good-looking British actor Jude Law, who, fair to say, did a superb job as Dr. Watson. Not bad picking an actor who lives on the opposite side of the pond, as they say."", ""As I said, I think many people missed out on the joyfulness and intellect of the film, because there was so much in there to look for. The characters themselves were not on a 'clown caper' or some unimportant journey as such, but I think there was more to them than people actually thought. Although films are for entertainment, you can also see the difference between this and what Conan Doyle wrote. It's a free country when it comes to this kind of interpretation, as Ritchie did nothing to harm one of the most famous fictional characters in history. The darkness of it did not put me off at all, it merely added to the climax, and it was extremely useful in aiding the referencing of the character's next worst scheming supervillain, Professor Moriarty. Since when can films like these pull of darkness, action, mystery and suspense, comedy and adventure without screwing up? And here we have it, a solid gold take on the famous detective, Sherlock Holmes. You can't get much better interpretation than this - there is no equal in this war - as this, my friends, is king."" ]",0,0,0,0
sherlock-holmes,7,MediaCritic,/user/MediaCritic,"Oct 16, 2011","[ ""A good movie but nothing spectacular. The set was great and the story-line worked well. There is some funny moments in it as well, along with the serious scenes of the film. The actors played their parts well and the fighting and action scenes were choreographed well. Based in London a long time ago, Sherlock Holmes and his partner have to investigate a mystery where is seems someone has came back from the dead. It's a good movie and worth a watch."" ]",0,0,0,0
sherlock-holmes,10,MadDad,/user/MadDad,"Mar 24, 2013","[ ""Great movie. Great intriguing plot and amazing acting. If there is one thing that bothered me, it was the fact that most of Sherlock Holmes' wit took a backseat to the more favoured action sequences which are not staple of Holmes. The movie balanced action and wit pretty well. But I found myself at the edge of my seat much more this time, and it had a more intriguing plot. I liked it-"" ]",0,0,0,0
sherlock-holmes,9,StevenF,/user/StevenF,"Mar 13, 2013","[ ""This film sort of came out of the blue as an all-out action bonanza, a modern yet still classic tale on the eccentric detective, and I think Guy Ritchie has did an excellent job of bringing the character to life on the big screen, and leaves the opportunity for the audience to come along for the ride."", ""A contemporary take on the timeless detective, we have a cold opening of Sherlock (Robert Downey Jr) sneaking out of a carriage and attempting to infiltrate a ritual killing at the hands of the films main villain, Lord Blackwood (Mark Strong), but the films soon plays out as a mystery thriller."", ""Jude Law takes the reigns as Dr. John Watson, and the chemistry between himself and Downey Jr is excellent, a true friendly bromance."", ""The film scenes involving bullet time are some of the best of the film, when Sherlock analyses and anticipates what is about to happen, all done in a beautifully rendered set piece."", ""The movie rarely slows down through its action-packed run, throwing many explosions and revelations at many turns to keep the viewer enticed as to what is happening."", ""There is certainly many aspects of the historic character that Ritchie has stayed true to, the pipe, the violin and of course the martial arts rumours, but they perfectly blend in with the pace of the film, almost like a heroic mix of RocknRolla."", ""The one thing that can be said which is little nerving is perhaps the over the top feel of everything, at times its maybe just a little too perfect for Holmes to figure out what is going on, but then agin that isn't what the film is about, it is there to shock and surprise with its epic set pieces that would put the best of the superhero films out there to shame."", ""Downey Jr puts in a commanding performance as the detective and certainly introduces a different sort of character that we haven't necessarily seen before, combining his sparkling wit and charm to have plenty of comedic and memorable scenes with the expansive cast."", ""There is a fantastic soundtrack with upbeat and catchy notes to engage the scenes, and with stellar talent here, also including Rachel McAdams as the devious Irene Adler, and a host of British talent including Eddie Marsan and Kelly Reilly, this is certainly a film that will be enjoyed by most."" ]",0,0,0,0
sherlock-holmes,9,oxana,/user/oxana,"Aug 24, 2014","[ ""I'm not all that familiar with Sherlock Holmes, and there was very little if any introduction to the character in the beginning of the film, but that's okay."", """", ""The actors were very good. Robert Downey Jr. as Holmes was witty and quirky, Jude Law as Watson was surprisingly good, and Mark Strong... (I honestly thought it was Andy Garcia for most of the film). His voice was awesome, though!"", """", ""The plot and the camerawork were very unique, in my opinion. The way they took us into Holmes' head every once in a while was funny and entertaining. The pace of the movie was steady, moving a bit chaotically at times, and there were very clever clues left all over the place to build the one final picture."", """", ""I wholeheartedly recommend this for anyone to watch."" ]",0,0,0,0
sherlock-holmes,9,AB77,/user/AB77,"Jan  6, 2012",[],0,0,0,0
sherlock-holmes,10,Rkypkz,/user/Rkypkz,"Jan  7, 2012",[],0,0,0,0
sherlock-holmes,9,Juanolo,/user/Juanolo,"Mar 31, 2012","[ ""First off, this is probably a 9.25 out of 10. This movie is great. Action sequences are great. Story is really good. Acting good. RD Jr. Does a good job, and so does Jude law. Score is good to. Cameraing as it slows down and does the same thing is kind of cool, and kind of pointless. Overall, this is a great movie that you should watch. Recommend completely."" ]",0,0,0,0
sherlock-holmes,6,Tall_But_Short,/user/Tall_But_Short,"Jul 29, 2012","[ ""The first half of Sherlock Holmes was boring, the second half was much better, and then the ending was just dumb. I'm not saying it was a bad film, it just wasn't Sherlock Holmes. The ending when Blackwood comes out of nowhere and pushes Sherlock's \""girlfriend\"" off the bridge was so dumb that I really started laughing. It was just silly, but even this movie isn't great, it can still be mildly entertaining with some clever moments with Robert Downey Jr. and Jude Law."" ]",0,0,0,0
sherlock-holmes,7,Official,/user/Official,"Mar  8, 2014",[],0,0,0,0
sherlock-holmes,9,theahsanhaseeb,/user/theahsanhaseeb,"Aug 28, 2012","[ ""Robert Downey, Jr. as Sherlock Holmes; that's something worth watching. I loved his acting, obviously, because I am a huge Downey, Jr. fan. The plot involved more mystery and suspense, and that's the core fact I liked this film a lot. Guy Ritchie was able to deliver it properly. Well, to me, at least."" ]",0,0,0,0
sherlock-holmes,7,Spangle,/user/Spangle,"Jan  3, 2015","[ ""Overall, Sherlock Holmes is simply a very fun little film. Robert Downey Jr, Jude Law, Rachel McAdams, and Mark Strong, are all excellent and the case presented to Holmes is very compelling. I really like the explanation of what went down at the end, really was nice to see all of the elements of the film come together like that. The film was also really well shot and the story was told nicely, so kudos to the cinematographer and director Guy Ritchie for those things, respectively. The slowed down effect used on a couple of occasions was also incredibly cool and well down, though I don't really think those particular scenes were needed, but I certainly appreciated the craft  there. There are a few other elements I didn't really think this one needed, but overall, it was a very enjoyable and well made film that serves as good entertainment for two hours. Sure, it's no Citizen Kane, but not every film has to be."" ]",0,0,0,0
sherlock-holmes,6,dev92,/user/dev92,"Aug 25, 2012","[ ""The film was fine but I genuinely think that it would have been better off without Rachel McAdams. Nothing against the lady but her character just seemed to be put in there to incorporate a female lead. The story itself is rather good and I thought that Jude Law in particular was great."" ]",0,0,0,0
sherlock-holmes,8,Compi24,/user/Compi24,"Nov 28, 2012",[],0,0,0,0
sherlock-holmes,5,WriteFilmLive21,/user/WriteFilmLive21,"Mar 17, 2013","[ ""Sherlock Holmes is one of those immortal literary characters who boasts so many film adaptations under his belt that he needs no introduction beyond his name. Even if you've never read any of Sir Arthur Conan Doyle's classic mystery stories involving the British detective, you probably already know of his astounding observational powers, proclivity for cocaine in the absence of mental stimulation, and that he's    a master fighter? All right, so obviously, Robert Downey Jr.'s Holmes is taking some slight liberties in that arena, and overall the movie is certainly aiming to please the modern action audience with a tale inclusive of rather frenetic action sequences and quickly-paced mystery elements. Too quickly-paced, in my opinion. The film just seemed to go by a little too fast for me, and I never really got the sense of any real suspense or palpable conflict. In all honesty, this really felt more like a 2-hour promo for the sequel to get you primed for a battle against Holmes's equally immortal archnemesis, Moriarty. However, there is still some fair entertainment value to it all, and in the end I enjoyed it enough to want to check out the second film."" ]",0,0,0,0
sherlock-holmes,9,Wiesy,/user/Wiesy,"Jan 18, 2013",[],0,0,0,0
sherlock-holmes,6,Kern,/user/Kern,"Jan 23, 2013","[ ""I give it a 6 because I genuinely enjoyed the movie, the actors and the scenarios; it's a good little unassuming action flick. On the other hand, I can't give more than 6 because it was advertised as Sherlock Holmes and it's not Holmes. To those people who didn't like the movie on account of it not being a Holmes film, erase the title from your mind and start thinking about the character as Johnny McAwesomeville, and you'll find yourselves enjoying it too; it worked for me."" ]",0,0,0,0
sherlock-holmes,7,killian13,/user/killian13,"Jul  7, 2013",[],0,0,0,0
sherlock-holmes,9,Cloudlv9,/user/Cloudlv9,"Jul 17, 2013","[ ""Robert Downey is brilliant. Love how people say this is nothing like Sherlock Holmes. Wonder if they know that in the books he was a Cocaine addict...  oh and to all the people who said it was too \""Grey\""...Never Ever Ever go to London, you'll hate it."" ]",0,0,0,0
sherlock-holmes,8,DibbHansen,/user/DibbHansen,"Jul 18, 2013","[ ""An interesting film that is interesting to follow and visually is beautiful. And the music is inspiring as well (Hans Zimmer does fantastic here, as usual)  However, the story is a bit hard to follow and Downey Jr. is a great actor and all, but at times I struggle to hear what he is saying.  The film has good action and a good ending, so overall I enjoyed the film."" ]",0,0,0,0
sherlock-holmes,9,MovieGuys,/user/MovieGuys,"Mar 22, 2014","[ ""Sherlock Holmes is an electrifying, high-caliber entertainment experience at the movies. Downey, Jr. is great as Holmes, and Law's Watson is just as good. The two have chemistry and dominate the screen. The slow motion and creative use of cinematography just adds to the experience. If you plan on watching this movie, just be ready to use your deductive skills, because this is one complex story to figure out."" ]",0,0,0,0
sherlock-holmes,5,RayzorMoose,/user/RayzorMoose,"Nov 16, 2013",[],0,0,0,0
sherlock-holmes,10,mishabridun,/user/mishabridun,"Jan 10, 2014","[ ""I love everything about this movie. The SLO-MO fight scenes, to Downey's humorous take on the classic character, this movie has it all. The story is amazing and so is the movie overall. This is definitely a good watch for anyone who enjoys a action comedy and a mystery, with a classical touch all packed in one!"" ]",0,0,0,0
sherlock-holmes,10,Zanessa250QI,/user/Zanessa250QI,"Apr  4, 2016",[],0,0,0,0
sherlock-holmes,7,CineAutoctono,/user/CineAutoctono,"Dec  5, 2015",[],0,0,0,0
sherlock-holmes,9,audreythomas25,/user/audreythomas25,"Feb  9, 2016",[],0,0,0,0
sherlock-holmes,8,BarneyOnMT,/user/BarneyOnMT,"Jan  5, 2016","[ ""WHAT I LIKED: This film shines out as a historic crime film thanks to it's character portrayals and quirky yet gritty style. Robert Downey Jr gives one of the best performances of his career, making the character his own and building one of the best portrayals of any character in a long time. Yet the entire cast are excellent, aided by some truly authentic, timely world building and a smart, witty script. Not to mention the brilliant action where Guy Ritchie's amazing cinematography and the scoring comes into play. This is one of those quirky films that just clicks."", ""WHAT I DIDN'T LIKE: Overall, it's a ball of fun, but could be shorter, and the plot is a bit confusing, and it's not true to the 'original source material,' (but then that isn't really the idea here.)"", ""VERDICT: A quirky film from Ritchie that just clicks, that's largely thanks to the convincing cast."" ]",0,0,0,0
sherlock-holmes,5,AaronWasserman1,/user/AaronWasserman1,"Mar 27, 2016",[],0,0,0,0
sherlock-holmes,5,CalibMcBolts,/user/CalibMcBolts,"May 30, 2016","[ ""Sherlock Holmes is quite an entertaining movie but by no means a good one. The obvious fault is the script, it's all over the place, same thing with the cheesy villain, the movie is over long and many scenes could have easily been scrapped to resolve the pacing issues Sherlock Holmes has. As for Mr Holmes, Robert Downey Jr. portrays him beautifully however the character is ridiculous, how he is put in this film makes him look like an action hero, he fights, shoots, kicks runs, and everything an action hero would do. Sherlock Holmes is more of an action movie than a witty, mysterious, compelling thriller, what a Sherlock Holmes should be! Just look at the show Sherlock, they hit everything right on the head with how to portray a diverse character like Holmes perfectly. Aside from Holmes being an action hero, there is also a very Holmes-like trait missing in this flick. He is not funny, neither sarcastic nor cynical throughout the entire film! That's something what makes the show Sherlock so immaculate. It's bloody hilarious! Sherlock Holmes may get you to chuckle softly a couple of times but by no means is this movie hilarious (in a dark way) as it should be."", """", ""Sherlock Holmes is just the next thing that is being thrown into the SFX reboot machine called Hollywood, and instead of making a compelling film that is genuinely good, they take the easy way out to make a complex character simple and throw him into an action movie to please average audiences and cash in on a massive box-office."", """", ""I gave it a 7/10 because Sherlock Holmes is still somewhat entertaining, despite being too long and uninteresting at times. If you have nothing better to do and want to watch something decent. Sherlock Holmes isnt a terrible way to spend the evening."" ]",0,0,0,0
sherlock-holmes,7,eva3si0n,/user/eva3si0n,"Jun 18, 2017","[ ""This's good film about great detective Holmes. Yes, film realise earlier series Sherlock from BBC, but action happens in the 19th century and it cool. Plot is easy and rectilinear, acting of actors is excellent. The only shortcoming - Moriarty is absent."" ]",0,0,0,0
sherlock-holmes,10,KelvinSelimor,/user/KelvinSelimor,"Sep  8, 2017",[],0,0,0,0
